PRAGMA foreign_keys=OFF;
BEGIN TRANSACTION;
CREATE TABLE IF NOT EXISTS "account_bsdgroupmembership" ("id" integer NOT NULL PRIMARY KEY AUTOINCREMENT, "bsdgrpmember_group_id" integer NOT NULL, "bsdgrpmember_user_id" integer NOT NULL);
INSERT INTO account_bsdgroupmembership VALUES(1,6,17);
CREATE TABLE IF NOT EXISTS "account_bsdgroups" ("id" INTEGER NOT NULL PRIMARY KEY AUTOINCREMENT, "bsdgrp_gid" INTEGER NOT NULL, "bsdgrp_group" varchar(120) NOT NULL UNIQUE, "bsdgrp_builtin" bool NOT NULL, "bsdgrp_sudo" bool NOT NULL);
INSERT INTO account_bsdgroups VALUES(1,0,'wheel',1,0);
INSERT INTO account_bsdgroups VALUES(2,1,'daemon',1,0);
INSERT INTO account_bsdgroups VALUES(3,2,'kmem',1,0);
INSERT INTO account_bsdgroups VALUES(4,3,'sys',1,0);
INSERT INTO account_bsdgroups VALUES(5,4,'tty',1,0);
INSERT INTO account_bsdgroups VALUES(6,5,'operator',1,0);
INSERT INTO account_bsdgroups VALUES(7,6,'mail',1,0);
INSERT INTO account_bsdgroups VALUES(8,7,'bin',1,0);
INSERT INTO account_bsdgroups VALUES(9,8,'news',1,0);
INSERT INTO account_bsdgroups VALUES(10,9,'man',1,0);
INSERT INTO account_bsdgroups VALUES(11,13,'games',1,0);
INSERT INTO account_bsdgroups VALUES(12,14,'ftp',1,0);
INSERT INTO account_bsdgroups VALUES(13,20,'staff',1,0);
INSERT INTO account_bsdgroups VALUES(14,22,'sshd',1,0);
INSERT INTO account_bsdgroups VALUES(15,25,'smmsp',1,0);
INSERT INTO account_bsdgroups VALUES(16,26,'mailnull',1,0);
INSERT INTO account_bsdgroups VALUES(17,31,'guest',1,0);
INSERT INTO account_bsdgroups VALUES(18,53,'bind',1,0);
INSERT INTO account_bsdgroups VALUES(19,62,'proxy',1,0);
INSERT INTO account_bsdgroups VALUES(20,63,'authpf',1,0);
INSERT INTO account_bsdgroups VALUES(21,64,'_pflogd',1,0);
INSERT INTO account_bsdgroups VALUES(22,65,'_dhcp',1,0);
INSERT INTO account_bsdgroups VALUES(23,66,'uucp',1,0);
INSERT INTO account_bsdgroups VALUES(24,68,'dialer',1,0);
INSERT INTO account_bsdgroups VALUES(25,69,'network',1,0);
INSERT INTO account_bsdgroups VALUES(26,77,'audit',1,0);
INSERT INTO account_bsdgroups VALUES(27,80,'www',1,0);
INSERT INTO account_bsdgroups VALUES(28,65533,'nogroup',1,0);
INSERT INTO account_bsdgroups VALUES(29,65534,'nobody',1,0);
INSERT INTO account_bsdgroups VALUES(30,200,'avahi',1,0);
INSERT INTO account_bsdgroups VALUES(31,201,'messagebus',1,0);
INSERT INTO account_bsdgroups VALUES(32,845,'hast',1,0);
INSERT INTO account_bsdgroups VALUES(33,78,'ladvd',1,0);
INSERT INTO account_bsdgroups VALUES(34,666,'webdav',1,0);
INSERT INTO account_bsdgroups VALUES(35,469,'consul',1,0);
INSERT INTO account_bsdgroups VALUES(36,472,'nomad',1,0);
INSERT INTO account_bsdgroups VALUES(37,473,'minio',1,0);
INSERT INTO account_bsdgroups VALUES(39,389,'nslcd',1,0);
CREATE TABLE IF NOT EXISTS "system_ntpserver" ("id" integer NOT NULL PRIMARY KEY AUTOINCREMENT, "ntp_address" varchar(120) NOT NULL, "ntp_burst" bool NOT NULL, "ntp_iburst" bool NOT NULL, "ntp_prefer" bool NOT NULL, "ntp_minpoll" integer NOT NULL, "ntp_maxpoll" integer NOT NULL);
INSERT INTO system_ntpserver VALUES(1,'0.freebsd.pool.ntp.org',0,1,0,6,10);
INSERT INTO system_ntpserver VALUES(2,'1.freebsd.pool.ntp.org',0,1,0,6,10);
INSERT INTO system_ntpserver VALUES(3,'2.freebsd.pool.ntp.org',0,1,0,6,10);
CREATE TABLE IF NOT EXISTS "services_services" ("id" integer NOT NULL PRIMARY KEY AUTOINCREMENT, "srv_service" varchar(120) NOT NULL, "srv_enable" bool NOT NULL);
INSERT INTO services_services VALUES(2,'afp',0);
INSERT INTO services_services VALUES(4,'cifs',0);
INSERT INTO services_services VALUES(5,'dynamicdns',0);
INSERT INTO services_services VALUES(6,'ftp',0);
INSERT INTO services_services VALUES(7,'iscsitarget',0);
INSERT INTO services_services VALUES(9,'nfs',0);
INSERT INTO services_services VALUES(10,'snmp',0);
INSERT INTO services_services VALUES(11,'ssh',0);
INSERT INTO services_services VALUES(12,'tftp',0);
INSERT INTO services_services VALUES(14,'ups',0);
INSERT INTO services_services VALUES(16,'rsync',0);
INSERT INTO services_services VALUES(18,'smartd',1);
INSERT INTO services_services VALUES(21,'lldp',0);
INSERT INTO services_services VALUES(22,'webdav',0);
INSERT INTO services_services VALUES(23,'s3',0);
CREATE TABLE IF NOT EXISTS "services_iscsitargetauthcredential" ("id" INTEGER NOT NULL PRIMARY KEY AUTOINCREMENT, "iscsi_target_auth_tag" integer NOT NULL, "iscsi_target_auth_user" varchar(120) NOT NULL, "iscsi_target_auth_secret" varchar(120) NOT NULL, "iscsi_target_auth_peeruser" varchar(120) NOT NULL, "iscsi_target_auth_peersecret" varchar(120) NOT NULL);
CREATE TABLE IF NOT EXISTS "services_iscsitargetauthorizedinitiator" ("id" INTEGER NOT NULL PRIMARY KEY AUTOINCREMENT, "iscsi_target_initiator_tag" integer NOT NULL UNIQUE UNIQUE, "iscsi_target_initiator_initiators" TEXT NOT NULL, "iscsi_target_initiator_auth_network" TEXT NOT NULL, "iscsi_target_initiator_comment" varchar(120) NOT NULL);
CREATE TABLE IF NOT EXISTS "services_rsyncd" ("id" integer NOT NULL PRIMARY KEY AUTOINCREMENT, "rsyncd_port" integer NOT NULL, "rsyncd_auxiliary" text NOT NULL);
INSERT INTO services_rsyncd VALUES(1,873,'');
CREATE TABLE IF NOT EXISTS "storage_scrub" ("id" integer NOT NULL PRIMARY KEY AUTOINCREMENT, "scrub_volume_id" integer NOT NULL UNIQUE, "scrub_threshold" smallint unsigned NOT NULL, "scrub_description" varchar(200) NOT NULL, "scrub_minute" varchar(100) NOT NULL, "scrub_hour" varchar(100) NOT NULL, "scrub_daymonth" varchar(100) NOT NULL, "scrub_month" varchar(100) NOT NULL, "scrub_dayweek" varchar(100) NOT NULL, "scrub_enabled" bool NOT NULL);
CREATE TABLE IF NOT EXISTS "tasks_cronjob" ("id" INTEGER NOT NULL PRIMARY KEY AUTOINCREMENT, "cron_minute" varchar(100) NOT NULL, "cron_hour" varchar(100) NOT NULL, "cron_daymonth" varchar(100) NOT NULL, "cron_month" varchar(100) NOT NULL, "cron_dayweek" varchar(100) NOT NULL, "cron_user" varchar(60) NOT NULL, "cron_command" TEXT NOT NULL, "cron_description" varchar(200) NOT NULL, "cron_enabled" bool NOT NULL, "cron_stdout" bool NOT NULL, "cron_stderr" bool NOT NULL);
CREATE TABLE IF NOT EXISTS "system_update" ("id" INTEGER NOT NULL PRIMARY KEY AUTOINCREMENT, "upd_autocheck" bool NOT NULL, "upd_train" varchar(50) NOT NULL);
INSERT INTO system_update VALUES(1,1,'');
CREATE TABLE IF NOT EXISTS "storage_vmwareplugin" ("id" integer NOT NULL PRIMARY KEY AUTOINCREMENT, "hostname" varchar(200) NOT NULL, "username" varchar(200) NOT NULL, "password" varchar(200) NOT NULL, "filesystem" varchar(200) NOT NULL, "datastore" varchar(200) NOT NULL);
CREATE TABLE IF NOT EXISTS "sharing_nfs_share_path" ("id" integer NOT NULL PRIMARY KEY AUTOINCREMENT, "share_id" integer NOT NULL, "path" varchar(255) NOT NULL);
CREATE TABLE IF NOT EXISTS "services_rsyncmod" ("id" INTEGER NOT NULL PRIMARY KEY AUTOINCREMENT, "rsyncmod_name" varchar(120) NOT NULL, "rsyncmod_comment" varchar(120) NOT NULL, "rsyncmod_path" varchar(255) NOT NULL, "rsyncmod_mode" varchar(120) NOT NULL, "rsyncmod_maxconn" INTEGER NOT NULL, "rsyncmod_user" varchar(120) NOT NULL, "rsyncmod_group" varchar(120) NOT NULL, "rsyncmod_hostsallow" TEXT NOT NULL, "rsyncmod_hostsdeny" TEXT NOT NULL, "rsyncmod_auxiliary" TEXT NOT NULL);
CREATE TABLE IF NOT EXISTS "services_iscsitargetportalip" ("id" integer NOT NULL PRIMARY KEY AUTOINCREMENT, "iscsi_target_portalip_portal_id" integer NOT NULL, "iscsi_target_portalip_ip" char(15) NOT NULL, "iscsi_target_portalip_port" smallint NOT NULL);
CREATE TABLE IF NOT EXISTS "services_lldp" ("id" integer NOT NULL PRIMARY KEY AUTOINCREMENT, "lldp_intdesc" bool NOT NULL, "lldp_country" varchar(2) NOT NULL, "lldp_location" varchar(200) NOT NULL);
INSERT INTO services_lldp VALUES(1,1,'','');
CREATE TABLE IF NOT EXISTS "sharing_webdav_share" ("id" integer NOT NULL PRIMARY KEY AUTOINCREMENT, "webdav_name" varchar(120) NOT NULL, "webdav_comment" varchar(120) NOT NULL, "webdav_path" varchar(255) NOT NULL, "webdav_ro" bool NOT NULL, "webdav_perm" bool NOT NULL);
CREATE TABLE IF NOT EXISTS "directoryservice_nis" ("id" INTEGER NOT NULL PRIMARY KEY AUTOINCREMENT, "nis_domain" varchar(120) NOT NULL, "nis_servers" varchar(8192) NOT NULL, "nis_secure_mode" bool NOT NULL, "nis_manycast" bool NOT NULL, "nis_enable" bool NOT NULL);
INSERT INTO directoryservice_nis VALUES(1,'','',0,0,0);
CREATE TABLE IF NOT EXISTS "directoryservice_kerberosrealm" ("id" integer NOT NULL PRIMARY KEY AUTOINCREMENT, "krb_realm" varchar(120) NOT NULL, "krb_kdc" varchar(120) NOT NULL, "krb_admin_server" varchar(120) NOT NULL, "krb_kpasswd_server" varchar(120) NOT NULL);
CREATE TABLE IF NOT EXISTS "network_lagginterface" ("id" integer NOT NULL PRIMARY KEY AUTOINCREMENT, "lagg_interface_id" integer NOT NULL UNIQUE, "lagg_protocol" varchar(120) NOT NULL);
CREATE TABLE IF NOT EXISTS "network_staticroute" ("id" INTEGER NOT NULL PRIMARY KEY AUTOINCREMENT, "sr_destination" varchar(120) NOT NULL, "sr_gateway" varchar(42) NOT NULL, "sr_description" varchar(120) NOT NULL);
CREATE TABLE IF NOT EXISTS "services_webdav" ("id" INTEGER NOT NULL PRIMARY KEY AUTOINCREMENT, "webdav_protocol" varchar(120) NOT NULL, "webdav_tcpport" integer unsigned NOT NULL, "webdav_tcpportssl" integer unsigned NOT NULL, "webdav_password" varchar(120) NOT NULL, "webdav_htauth" varchar(120) NOT NULL, "webdav_certssl_id" integer NULL);
INSERT INTO services_webdav VALUES(1,'http',8080,8081,'JJK0F6wtoEVUsDcJ6DABe7qqwj8nPQdidjI9cLhBamjt2gRf5qLkrg==','digest',NULL);
CREATE TABLE IF NOT EXISTS "services_iscsitargetportal" ("id" INTEGER NOT NULL PRIMARY KEY AUTOINCREMENT, "iscsi_target_portal_tag" INTEGER NOT NULL, "iscsi_target_portal_comment" varchar(120) NOT NULL, "iscsi_target_portal_discoveryauthmethod" varchar(120) NOT NULL, "iscsi_target_portal_discoveryauthgroup" integer NULL);
CREATE TABLE IF NOT EXISTS "services_iscsitargetgroups" ("id" INTEGER NOT NULL PRIMARY KEY AUTOINCREMENT, "iscsi_target_id" INTEGER NOT NULL, "iscsi_target_portalgroup_id" INTEGER NOT NULL, "iscsi_target_initiatorgroup_id" INTEGER, "iscsi_target_authtype" varchar(120) NOT NULL, "iscsi_target_authgroup" INTEGER, "iscsi_target_initialdigest" varchar(120) NOT NULL);
CREATE TABLE IF NOT EXISTS "services_iscsitarget" ("id" INTEGER NOT NULL PRIMARY KEY AUTOINCREMENT, "iscsi_target_name" varchar(120) NOT NULL UNIQUE, "iscsi_target_alias" varchar(120) UNIQUE, "iscsi_target_mode" varchar(20) NOT NULL);
CREATE TABLE IF NOT EXISTS "services_fibrechanneltotarget" ("id" INTEGER NOT NULL PRIMARY KEY AUTOINCREMENT, "fc_port" varchar(10) NOT NULL, "fc_target_id" integer NULL);
CREATE TABLE IF NOT EXISTS "directoryservice_kerberossettings" ("id" integer NOT NULL PRIMARY KEY AUTOINCREMENT, "ks_appdefaults_aux" text NOT NULL, "ks_libdefaults_aux" text NOT NULL);
INSERT INTO directoryservice_kerberossettings VALUES(1,'','');
CREATE TABLE IF NOT EXISTS "directoryservice_kerberoskeytab" ("id" INTEGER NOT NULL PRIMARY KEY AUTOINCREMENT, "keytab_file" TEXT NOT NULL, "keytab_name" varchar(120) NOT NULL UNIQUE);
CREATE TABLE IF NOT EXISTS "network_alias" ("id" INTEGER NOT NULL PRIMARY KEY AUTOINCREMENT, "alias_interface_id" INTEGER NOT NULL, "alias_v4address" varchar(42) NOT NULL, "alias_v4netmaskbit" varchar(3) NOT NULL, "alias_v6address" varchar(42) NOT NULL, "alias_v6netmaskbit" varchar(3) NOT NULL, "alias_vip" varchar(42) NOT NULL, "alias_v4address_b" varchar(42) NOT NULL, "alias_v6address_b" varchar(42) NOT NULL);
CREATE TABLE IF NOT EXISTS "services_iscsitargetglobalconfiguration" ("id" INTEGER NOT NULL PRIMARY KEY AUTOINCREMENT, "iscsi_basename" varchar(120) NOT NULL, "iscsi_isns_servers" TEXT NOT NULL, "iscsi_pool_avail_threshold" INTEGER, "iscsi_alua" bool NOT NULL);
INSERT INTO services_iscsitargetglobalconfiguration VALUES(1,'iqn.2005-10.org.freenas.ctl','',NULL,'False');
CREATE TABLE IF NOT EXISTS "tasks_rsync" ("id" INTEGER NOT NULL PRIMARY KEY AUTOINCREMENT, "rsync_path" varchar(255) NOT NULL, "rsync_remotehost" varchar(120) NOT NULL, "rsync_remotemodule" varchar(120) NOT NULL, "rsync_desc" varchar(120) NOT NULL, "rsync_minute" varchar(100) NOT NULL, "rsync_hour" varchar(100) NOT NULL, "rsync_daymonth" varchar(100) NOT NULL, "rsync_month" varchar(100) NOT NULL, "rsync_dayweek" varchar(100) NOT NULL, "rsync_user" varchar(60) NOT NULL, "rsync_recursive" bool NOT NULL, "rsync_times" bool NOT NULL, "rsync_compress" bool NOT NULL, "rsync_archive" bool NOT NULL, "rsync_delete" bool NOT NULL, "rsync_quiet" bool NOT NULL, "rsync_preserveperm" bool NOT NULL, "rsync_preserveattr" bool NOT NULL, "rsync_extra" TEXT NOT NULL, "rsync_enabled" bool NOT NULL, "rsync_mode" varchar(20) NOT NULL, "rsync_remotepath" varchar(255) NOT NULL, "rsync_direction" varchar(10) NOT NULL, "rsync_remoteport" smallint NOT NULL, "rsync_delayupdates" bool NOT NULL);
CREATE TABLE IF NOT EXISTS "tasks_smarttest_smarttest_disks" ("id" INTEGER NOT NULL PRIMARY KEY AUTOINCREMENT, "smarttest_id" INTEGER NOT NULL, "disk_id" varchar(100) NOT NULL);
CREATE TABLE IF NOT EXISTS "storage_encrypteddisk" ("id" INTEGER NOT NULL PRIMARY KEY AUTOINCREMENT, "encrypted_volume_id" INTEGER NOT NULL, "encrypted_disk_id" varchar(100) NULL, "encrypted_provider" varchar(120) NOT NULL UNIQUE);
CREATE TABLE IF NOT EXISTS "system_cloudcredentials" ("id" integer NOT NULL PRIMARY KEY AUTOINCREMENT, "name" varchar(100) NOT NULL, "provider" varchar(50) NOT NULL, "attributes" text NOT NULL);
CREATE TABLE IF NOT EXISTS "system_support" ("id" integer NOT NULL PRIMARY KEY AUTOINCREMENT, "enabled" bool NULL, "name" varchar(200) NOT NULL, "title" varchar(200) NOT NULL, "email" varchar(200) NOT NULL, "phone" varchar(200) NOT NULL, "secondary_name" varchar(200) NOT NULL, "secondary_title" varchar(200) NOT NULL, "secondary_email" varchar(200) NOT NULL, "secondary_phone" varchar(200) NOT NULL);
INSERT INTO system_support VALUES(1,NULL,'','','','','','','','');
CREATE TABLE IF NOT EXISTS "account_bsdusers" ("id" integer NOT NULL PRIMARY KEY AUTOINCREMENT, "bsdusr_uid" integer NOT NULL, "bsdusr_username" varchar(16) NOT NULL UNIQUE, "bsdusr_unixhash" varchar(128) NOT NULL, "bsdusr_smbhash" varchar(128) NOT NULL, "bsdusr_home" varchar(255) NOT NULL, "bsdusr_shell" varchar(120) NOT NULL, "bsdusr_full_name" varchar(120) NOT NULL, "bsdusr_builtin" bool NOT NULL, "bsdusr_password_disabled" bool NOT NULL, "bsdusr_locked" bool NOT NULL, "bsdusr_sudo" bool NOT NULL, "bsdusr_microsoft_account" bool NOT NULL, "bsdusr_group_id" integer NOT NULL REFERENCES "account_bsdgroups" ("id"), "bsdusr_attributes" text NOT NULL, "bsdusr_email" varchar(254) NULL);
INSERT INTO account_bsdusers VALUES(1,0,'root','*','*','/root','/usr/bin/zsh','root',1,0,0,0,'False',1,'{}','');
INSERT INTO account_bsdusers VALUES(2,1,'daemon','*','*','/root','/usr/sbin/nologin','Owner of many system processes',1,0,0,0,'False',2,'{}','');
INSERT INTO account_bsdusers VALUES(3,2,'operator','*','*','/','/usr/sbin/nologin','System &',1,0,0,0,'False',6,'{}','');
INSERT INTO account_bsdusers VALUES(4,3,'bin','*','*','/','/usr/sbin/nologin','Binaries Commands and Source',1,0,0,0,'False',8,'{}','');
INSERT INTO account_bsdusers VALUES(5,4,'tty','*','*','/','/usr/sbin/nologin','Tty Sandbox',1,0,0,0,'False',28,'{}','');
INSERT INTO account_bsdusers VALUES(6,5,'kmem','*','*','/','/usr/sbin/nologin','KMem Sandbox',1,0,0,0,'False',3,'{}','');
INSERT INTO account_bsdusers VALUES(7,7,'games','*','*','/','/usr/sbin/nologin','Games pseudo-user',1,0,0,0,'False',11,'{}','');
INSERT INTO account_bsdusers VALUES(8,8,'news','*','*','/','/usr/sbin/nologin','News Subsystem',1,0,0,0,'False',9,'{}','');
INSERT INTO account_bsdusers VALUES(9,9,'man','*','*','/usr/share/man','/usr/sbin/nologin','Mister Man Pages',1,0,0,0,'False',10,'{}','');
INSERT INTO account_bsdusers VALUES(10,22,'sshd','*','*','/var/empty','/usr/sbin/nologin','Secure Shell Daemon',1,0,0,0,'False',14,'{}','');
INSERT INTO account_bsdusers VALUES(11,25,'smmsp','*','*','/var/spool/clientmqueue','/usr/sbin/nologin','Sendmail Submission User',1,0,0,0,'False',15,'{}','');
INSERT INTO account_bsdusers VALUES(12,26,'mailnull','*','*','/var/spool/mqueue','/usr/sbin/nologin','Sendmail Default User',1,0,0,0,'False',16,'{}','');
INSERT INTO account_bsdusers VALUES(13,53,'bind','*','*','/','/usr/sbin/nologin','Bind Sandbox',1,0,0,0,'False',18,'{}','');
INSERT INTO account_bsdusers VALUES(14,62,'proxy','*','*','/nonexistent','/usr/sbin/nologin','Packet Filter pseudo-user',1,0,0,0,'False',19,'{}','');
INSERT INTO account_bsdusers VALUES(15,64,'_pflogd','*','*','/var/empty','/usr/sbin/nologin','pflogd privsep user',1,0,0,0,'False',21,'{}','');
INSERT INTO account_bsdusers VALUES(16,65,'_dhcp','*','*','/var/empty','/usr/sbin/nologin','dhcp programs',1,0,0,0,'False',22,'{}','');
INSERT INTO account_bsdusers VALUES(17,66,'uucp','*','*','/var/spool/uucppublic','/usr/local/libexec/uucp/uucico','UUCP pseudo-user',1,0,0,0,'False',23,'{}','');
INSERT INTO account_bsdusers VALUES(18,68,'pop','*','*','/nonexistent','/usr/sbin/nologin','Post Office Owner',1,0,0,0,'False',7,'{}','');
INSERT INTO account_bsdusers VALUES(19,80,'www','*','*','/nonexistent','/usr/sbin/nologin','World Wide Web Owner',1,0,0,0,'False',27,'{}','');
INSERT INTO account_bsdusers VALUES(20,65534,'nobody','*','*','/nonexistent','/usr/sbin/nologin','Unprivileged user',1,0,0,0,'False',29,'{}','');
INSERT INTO account_bsdusers VALUES(21,200,'avahi','*','*','/nonexistent','/usr/sbin/nologin','avahi user',1,0,0,0,'False',30,'{}','');
INSERT INTO account_bsdusers VALUES(22,201,'messagebus','*','*','/nonexistent','/usr/sbin/nologin','messagebus user',1,0,0,0,'False',31,'{}','');
INSERT INTO account_bsdusers VALUES(23,14,'ftp','*','*','/nonexistent','/bin/csh','',1,0,0,0,'False',12,'{}','');
INSERT INTO account_bsdusers VALUES(24,78,'auditdistd','*','*','/var/empty','/usr/sbin/nologin','Auditdistd unprivileged user',1,0,0,0,'False',26,'{}','');
INSERT INTO account_bsdusers VALUES(25,845,'hast','*','*','/var/empty','/usr/sbin/nologin','HAST unprivileged user',1,0,0,0,'False',32,'{}','');
INSERT INTO account_bsdusers VALUES(26,79,'ladvd','*','*','/var/empty','/usr/sbin/nologin','ladvd user',1,0,0,0,'False',33,'{}','');
INSERT INTO account_bsdusers VALUES(27,666,'webdav','*','*','/var/empty','/usr/sbin/nologin','WebDAV Anonymous User',1,0,0,0,'False',34,'{}','');
INSERT INTO account_bsdusers VALUES(28,469,'consul','*','*','/var/tmp/consul','/usr/sbin/nologin','Consul Daemon',1,0,0,0,0,35,'{}','');
INSERT INTO account_bsdusers VALUES(29,472,'nomad','*','*','/var/tmp/nomad','/usr/sbin/nologin','Nomad Daemon',1,0,0,0,0,36,'{}','');
INSERT INTO account_bsdusers VALUES(30,473,'minio','*','*','/var/tmp/minio','/usr/sbin/nologin','Minio Daemon',1,0,0,0,0,37,'{}','');
INSERT INTO account_bsdusers VALUES(32,389,'nslcd','*','*','/var/tmp/nslcd','/usr/sbin/nologin','Nslcd Daemon',1,0,0,0,0,39,'{}','');
CREATE TABLE IF NOT EXISTS "directoryservice_idmap_domain" ("id" integer NOT NULL PRIMARY KEY AUTOINCREMENT, "idmap_domain_name" varchar(120) NOT NULL UNIQUE, "idmap_domain_dns_domain_name" varchar(255) NULL UNIQUE);
INSERT INTO directoryservice_idmap_domain VALUES(1,'DS_TYPE_ACTIVEDIRECTORY',NULL);
INSERT INTO directoryservice_idmap_domain VALUES(2,'DS_TYPE_LDAP',NULL);
INSERT INTO directoryservice_idmap_domain VALUES(5,'DS_TYPE_DEFAULT_DOMAIN',NULL);
CREATE TABLE IF NOT EXISTS "directoryservice_idmap_domaintobackend" ("id" integer NOT NULL PRIMARY KEY AUTOINCREMENT, "idmap_dtb_domain_id" varchar(120) NULL UNIQUE REFERENCES "directoryservice_idmap_domain" ("idmap_domain_name"), "idmap_dtb_idmap_backend" varchar(120) NOT NULL);
INSERT INTO directoryservice_idmap_domaintobackend VALUES(1,'DS_TYPE_ACTIVEDIRECTORY','rid');
INSERT INTO directoryservice_idmap_domaintobackend VALUES(2,'DS_TYPE_LDAP','ldap');
INSERT INTO directoryservice_idmap_domaintobackend VALUES(3,'DS_TYPE_DEFAULT_DOMAIN','tdb');
CREATE TABLE IF NOT EXISTS "directoryservice_idmap_ad" ("id" integer NOT NULL PRIMARY KEY AUTOINCREMENT, "idmap_ad_range_low" integer NOT NULL, "idmap_ad_range_high" integer NOT NULL, "idmap_ad_schema_mode" varchar(120) NOT NULL, "idmap_ad_unix_nss_info" bool NOT NULL, "idmap_ad_unix_primary_group" bool NOT NULL, "idmap_ad_domain_id" varchar(120) NULL UNIQUE REFERENCES "directoryservice_idmap_domain" ("idmap_domain_name"));
INSERT INTO directoryservice_idmap_ad VALUES(1,10000,90000000,'rfc2307',0,0,'DS_TYPE_ACTIVEDIRECTORY');
CREATE TABLE IF NOT EXISTS "directoryservice_idmap_autorid" ("id" integer NOT NULL PRIMARY KEY AUTOINCREMENT, "idmap_autorid_range_low" integer NOT NULL, "idmap_autorid_range_high" integer NOT NULL, "idmap_autorid_rangesize" integer NOT NULL, "idmap_autorid_readonly" bool NOT NULL, "idmap_autorid_ignore_builtin" bool NOT NULL, "idmap_autorid_domain_id" varchar(120) NULL UNIQUE REFERENCES "directoryservice_idmap_domain" ("idmap_domain_name"));
CREATE TABLE IF NOT EXISTS "directoryservice_idmap_ldap" ("id" integer NOT NULL PRIMARY KEY AUTOINCREMENT, "idmap_ldap_range_low" integer NOT NULL, "idmap_ldap_range_high" integer NOT NULL, "idmap_ldap_ldap_base_dn" varchar(120) NOT NULL, "idmap_ldap_ldap_user_dn" varchar(120) NOT NULL, "idmap_ldap_ldap_url" varchar(255) NOT NULL, "idmap_ldap_ssl" varchar(120) NOT NULL, "idmap_ldap_certificate_id" integer NULL REFERENCES "system_certificate__old" ("id"), "idmap_ldap_domain_id" varchar(120) NULL UNIQUE REFERENCES "directoryservice_idmap_domain" ("idmap_domain_name"));
INSERT INTO directoryservice_idmap_ldap VALUES(1,10000,90000000,'','','','off',NULL,'DS_TYPE_LDAP');
CREATE TABLE IF NOT EXISTS "directoryservice_idmap_nss" ("id" integer NOT NULL PRIMARY KEY AUTOINCREMENT, "idmap_nss_range_low" integer NOT NULL, "idmap_nss_range_high" integer NOT NULL, "idmap_nss_domain_id" varchar(120) NULL UNIQUE REFERENCES "directoryservice_idmap_domain" ("idmap_domain_name"));
CREATE TABLE IF NOT EXISTS "directoryservice_idmap_rfc2307" ("id" integer NOT NULL PRIMARY KEY AUTOINCREMENT, "idmap_rfc2307_range_low" integer NOT NULL, "idmap_rfc2307_range_high" integer NOT NULL, "idmap_rfc2307_ldap_server" varchar(120) NOT NULL, "idmap_rfc2307_bind_path_user" varchar(120) NOT NULL, "idmap_rfc2307_bind_path_group" varchar(120) NOT NULL, "idmap_rfc2307_user_cn" bool NOT NULL, "idmap_rfc2307_cn_realm" bool NOT NULL, "idmap_rfc2307_ldap_domain" varchar(120) NOT NULL, "idmap_rfc2307_ldap_url" varchar(255) NOT NULL, "idmap_rfc2307_ldap_user_dn" varchar(120) NOT NULL, "idmap_rfc2307_ldap_user_dn_password" varchar(120) NOT NULL, "idmap_rfc2307_ldap_realm" varchar(120) NOT NULL, "idmap_rfc2307_ssl" varchar(120) NOT NULL, "idmap_rfc2307_certificate_id" integer NULL REFERENCES "system_certificate__old" ("id"), "idmap_rfc2307_domain_id" varchar(120) NULL UNIQUE REFERENCES "directoryservice_idmap_domain" ("idmap_domain_name"));
CREATE TABLE IF NOT EXISTS "directoryservice_idmap_rid" ("id" integer NOT NULL PRIMARY KEY AUTOINCREMENT, "idmap_rid_range_low" integer NOT NULL, "idmap_rid_range_high" integer NOT NULL, "idmap_rid_domain_id" varchar(120) NULL UNIQUE REFERENCES "directoryservice_idmap_domain" ("idmap_domain_name"));
INSERT INTO directoryservice_idmap_rid VALUES(1,20000,90000000,NULL);
CREATE TABLE IF NOT EXISTS "directoryservice_idmap_script" ("id" integer NOT NULL PRIMARY KEY AUTOINCREMENT, "idmap_script_range_low" integer NOT NULL, "idmap_script_range_high" integer NOT NULL, "idmap_script_script" varchar(255) NOT NULL, "idmap_script_domain_id" varchar(120) NULL UNIQUE REFERENCES "directoryservice_idmap_domain" ("idmap_domain_name"));
CREATE TABLE IF NOT EXISTS "directoryservice_idmap_tdb" ("id" integer NOT NULL PRIMARY KEY AUTOINCREMENT, "idmap_tdb_range_low" integer NOT NULL, "idmap_tdb_range_high" integer NOT NULL, "idmap_tdb_domain_id" varchar(120) NULL UNIQUE REFERENCES "directoryservice_idmap_domain" ("idmap_domain_name"));
INSERT INTO directoryservice_idmap_tdb VALUES(1,90000001,100000000,'DS_TYPE_DEFAULT_DOMAIN');
CREATE TABLE IF NOT EXISTS "directoryservice_activedirectory" ("id" integer NOT NULL PRIMARY KEY AUTOINCREMENT, "ad_domainname" varchar(120) NOT NULL, "ad_bindname" varchar(120) NOT NULL, "ad_bindpw" varchar(120) NOT NULL, "ad_ssl" varchar(120) NOT NULL, "ad_verbose_logging" bool NOT NULL, "ad_allow_trusted_doms" bool NOT NULL, "ad_use_default_domain" bool NOT NULL, "ad_allow_dns_updates" bool NOT NULL, "ad_disable_freenas_cache" bool NOT NULL, "ad_site" varchar(120) NULL, "ad_timeout" integer NOT NULL, "ad_dns_timeout" integer NOT NULL, "ad_idmap_backend" varchar(120) NOT NULL, "ad_nss_info" varchar(120) NULL, "ad_ldap_sasl_wrapping" varchar(120) NOT NULL, "ad_enable" bool NOT NULL, "ad_certificate_id" integer NULL REFERENCES "system_certificate__old" ("id"), "ad_kerberos_realm_id" integer NULL REFERENCES "directoryservice_kerberosrealm" ("id"), "ad_kerberos_principal" varchar(255) NOT NULL, "ad_createcomputer" varchar(255) NOT NULL, "ad_validate_certificates" bool NOT NULL);
INSERT INTO directoryservice_activedirectory VALUES(1,'','','','off',0,0,0,1,0,NULL,60,10,'rid',NULL,'sign',0,NULL,NULL,'','',1);
CREATE TABLE IF NOT EXISTS "directoryservice_ldap" ("id" integer NOT NULL PRIMARY KEY AUTOINCREMENT, "ldap_hostname" varchar(120) NOT NULL, "ldap_basedn" varchar(120) NOT NULL, "ldap_binddn" varchar(256) NOT NULL, "ldap_bindpw" varchar(120) NOT NULL, "ldap_anonbind" bool NOT NULL, "ldap_ssl" varchar(120) NOT NULL, "ldap_timeout" integer NOT NULL, "ldap_dns_timeout" integer NOT NULL, "ldap_idmap_backend" varchar(120) NOT NULL, "ldap_has_samba_schema" bool NOT NULL, "ldap_auxiliary_parameters" text NOT NULL, "ldap_schema" varchar(120) NOT NULL, "ldap_enable" bool NOT NULL, "ldap_certificate_id" integer NULL REFERENCES "system_certificate__old" ("id"), "ldap_kerberos_realm_id" integer NULL REFERENCES "directoryservice_kerberosrealm" ("id"), "ldap_kerberos_principal" varchar(255) NOT NULL, "ldap_disable_freenas_cache" bool NOT NULL, "ldap_validate_certificates" bool NOT NULL);
INSERT INTO directoryservice_ldap VALUES(1,'','','','',0,'off',10,10,'ldap',0,'','rfc2307',0,NULL,NULL,'',0,1);
CREATE TABLE IF NOT EXISTS "system_failover" ("id" integer NOT NULL PRIMARY KEY AUTOINCREMENT, "disabled" bool NOT NULL, "master" bool NOT NULL, "timeout" integer NOT NULL);
CREATE TABLE IF NOT EXISTS "network_vlan" ("id" integer NOT NULL PRIMARY KEY AUTOINCREMENT, "vlan_vint" varchar(120) NOT NULL, "vlan_pint" varchar(300) NOT NULL, "vlan_tag" integer unsigned NOT NULL, "vlan_description" varchar(120) NOT NULL, "vlan_pcp" integer unsigned NULL);
CREATE TABLE IF NOT EXISTS "network_globalconfiguration" ("id" integer NOT NULL PRIMARY KEY AUTOINCREMENT, "gc_hostname" varchar(120) NOT NULL, "gc_hostname_b" varchar(120) NULL, "gc_domain" varchar(120) NOT NULL, "gc_ipv4gateway" varchar(42) NOT NULL, "gc_ipv6gateway" varchar(42) NOT NULL, "gc_nameserver1" varchar(42) NOT NULL, "gc_nameserver2" varchar(42) NOT NULL, "gc_nameserver3" varchar(42) NOT NULL, "gc_httpproxy" varchar(255) NOT NULL, "gc_netwait_enabled" bool NOT NULL, "gc_netwait_ip" varchar(300) NOT NULL, "gc_hosts" text NOT NULL, "gc_domains" text NOT NULL, "gc_hostname_virtual" varchar(120) NULL);
INSERT INTO network_globalconfiguration VALUES(1,'truenas','truenas-b','local','','','','','','',0,'','','',NULL);
CREATE TABLE IF NOT EXISTS "network_lagginterfacemembers" ("id" integer NOT NULL PRIMARY KEY AUTOINCREMENT, "lagg_ordernum" integer NOT NULL, "lagg_physnic" varchar(120) NOT NULL UNIQUE, "lagg_interfacegroup_id" integer NOT NULL REFERENCES "network_lagginterface" ("id"));
CREATE TABLE IF NOT EXISTS "network_bridge" ("id" integer NOT NULL PRIMARY KEY AUTOINCREMENT, "members" text NOT NULL, "interface_id" integer NOT NULL UNIQUE REFERENCES "network_interfaces__old" ("id"));
CREATE TABLE IF NOT EXISTS "network_interfaces" ("id" integer NOT NULL PRIMARY KEY AUTOINCREMENT, "int_interface" varchar(300) NOT NULL, "int_name" varchar(120) NOT NULL, "int_dhcp" bool NOT NULL, "int_ipv4address" varchar(42) NOT NULL, "int_ipv4address_b" varchar(42) NOT NULL, "int_v4netmaskbit" varchar(3) NOT NULL, "int_ipv6auto" bool NOT NULL, "int_ipv6address" varchar(42) NOT NULL, "int_v6netmaskbit" varchar(4) NOT NULL, "int_vip" varchar(42) NULL, "int_vhid" integer unsigned NULL, "int_pass" varchar(100) NOT NULL, "int_critical" bool NOT NULL, "int_group" integer NULL, "int_options" varchar(120) NOT NULL, "int_mtu" integer unsigned NULL, "int_disable_offload_capabilities" bool NOT NULL);
CREATE TABLE IF NOT EXISTS "system_tunable" ("id" integer NOT NULL PRIMARY KEY AUTOINCREMENT, "tun_value" varchar(512) NOT NULL, "tun_type" varchar(20) NOT NULL, "tun_comment" varchar(100) NOT NULL, "tun_enabled" bool NOT NULL, "tun_var" varchar(128) NOT NULL UNIQUE);
INSERT INTO system_tunable VALUES(1,'220','sysctl','AD start timeout',1,'freenas.directoryservice.activedirectory.timeout.start');
INSERT INTO system_tunable VALUES(2,'400','sysctl','AD restart timeout',1,'freenas.directoryservice.activedirectory.timeout.restart');
CREATE TABLE IF NOT EXISTS "system_filesystem" ("id" integer NOT NULL PRIMARY KEY AUTOINCREMENT, "identifier" varchar(255) NOT NULL UNIQUE);
CREATE TABLE IF NOT EXISTS "system_keyvalue" ("id" integer NOT NULL PRIMARY KEY AUTOINCREMENT, "key" varchar(255) NOT NULL UNIQUE, "value" text NOT NULL);
INSERT INTO system_keyvalue VALUES(1,'has_0039_auto_20200429_0631','true');
CREATE TABLE IF NOT EXISTS "system_acmeregistration" ("id" integer NOT NULL PRIMARY KEY AUTOINCREMENT, "uri" varchar(200) NOT NULL, "directory" varchar(200) NOT NULL UNIQUE, "tos" varchar(200) NOT NULL, "new_account_uri" varchar(200) NOT NULL, "new_nonce_uri" varchar(200) NOT NULL, "new_order_uri" varchar(200) NOT NULL, "revoke_cert_uri" varchar(200) NOT NULL);
CREATE TABLE IF NOT EXISTS "system_acmeregistrationbody" ("id" integer NOT NULL PRIMARY KEY AUTOINCREMENT, "contact" varchar(254) NOT NULL, "status" varchar(10) NOT NULL, "key" text NOT NULL, "acme_id" integer NOT NULL REFERENCES "system_acmeregistration" ("id"));
CREATE TABLE IF NOT EXISTS "system_acmednsauthenticator" ("id" integer NOT NULL PRIMARY KEY AUTOINCREMENT, "authenticator" varchar(64) NOT NULL, "name" varchar(64) NOT NULL UNIQUE, "attributes" text NOT NULL);
CREATE TABLE IF NOT EXISTS "system_keychaincredential" ("id" integer NOT NULL PRIMARY KEY AUTOINCREMENT, "name" varchar(255) NOT NULL, "type" varchar(255) NOT NULL, "attributes" text NOT NULL);
CREATE TABLE IF NOT EXISTS "system_certificate" ("id" integer NOT NULL PRIMARY KEY AUTOINCREMENT, "cert_type" integer NOT NULL, "cert_name" varchar(120) NOT NULL UNIQUE, "cert_certificate" text NULL, "cert_privatekey" text NULL, "cert_CSR" text NULL, "cert_signedby_id" integer NULL REFERENCES "system_certificateauthority__old" ("id"), "cert_acme_uri" varchar(200) NULL, "cert_domains_authenticators" text NULL, "cert_renew_days" integer NULL, "cert_acme_id" integer NULL REFERENCES "system_acmeregistration" ("id"));
CREATE TABLE IF NOT EXISTS "system_certificateauthority" ("id" integer NOT NULL PRIMARY KEY AUTOINCREMENT, "cert_type" integer NOT NULL, "cert_name" varchar(120) NOT NULL UNIQUE, "cert_certificate" text NULL, "cert_privatekey" text NULL, "cert_CSR" text NULL, "cert_signedby_id" integer NULL REFERENCES "system_certificateauthority" ("id"));
CREATE TABLE IF NOT EXISTS "system_reporting" ("id" integer NOT NULL PRIMARY KEY AUTOINCREMENT, "cpu_in_percentage" bool NOT NULL, "graphite" varchar(120) NOT NULL, "graph_age" integer NOT NULL, "graph_points" integer NOT NULL);
INSERT INTO system_reporting VALUES(1,0,'',12,1200);
CREATE TABLE IF NOT EXISTS "system_systemdataset" ("id" integer NOT NULL PRIMARY KEY AUTOINCREMENT, "sys_pool" varchar(1024) NOT NULL, "sys_syslog_usedataset" bool NOT NULL, "sys_uuid" varchar(32) NOT NULL, "sys_uuid_b" varchar(32) NULL);
INSERT INTO system_systemdataset VALUES(1,'',1,'ae32c386e13840b2bf9c0083275e7941',NULL);
CREATE TABLE IF NOT EXISTS "system_alertclasses" ("id" integer NOT NULL PRIMARY KEY AUTOINCREMENT, "classes" text NOT NULL);
INSERT INTO system_alertclasses VALUES(1,'{}');
CREATE TABLE IF NOT EXISTS "system_alertservice" ("id" integer NOT NULL PRIMARY KEY AUTOINCREMENT, "name" varchar(120) NOT NULL, "type" varchar(20) NOT NULL, "attributes" text NOT NULL, "enabled" bool NOT NULL, "level" varchar(20) NOT NULL);
INSERT INTO system_alertservice VALUES(1,'SNMP Trap','SNMPTrap','{"host": "localhost", "port": 162, "v3": false, "community": "public"}',1,'WARNING');
INSERT INTO system_alertservice VALUES(2,'E-Mail','Mail','{"email": ""}',1,'WARNING');
CREATE TABLE IF NOT EXISTS "services_ssh" ("id" integer NOT NULL PRIMARY KEY AUTOINCREMENT, "ssh_bindiface" varchar(350) NOT NULL, "ssh_tcpport" integer unsigned NOT NULL, "ssh_rootlogin" bool NOT NULL, "ssh_passwordauth" bool NOT NULL, "ssh_kerberosauth" bool NOT NULL, "ssh_tcpfwd" bool NOT NULL, "ssh_compression" bool NOT NULL, "ssh_privatekey" text NOT NULL, "ssh_sftp_log_level" varchar(20) NOT NULL, "ssh_sftp_log_facility" varchar(20) NOT NULL, "ssh_host_dsa_key" text NULL, "ssh_host_dsa_key_pub" text NULL, "ssh_host_dsa_key_cert_pub" text NULL, "ssh_host_ecdsa_key" text NULL, "ssh_host_ecdsa_key_pub" text NULL, "ssh_host_ecdsa_key_cert_pub" text NULL, "ssh_host_ed25519_key_pub" text NULL, "ssh_host_ed25519_key" text NULL, "ssh_host_ed25519_key_cert_pub" text NULL, "ssh_host_key" text NULL, "ssh_host_key_pub" text NULL, "ssh_host_rsa_key" text NULL, "ssh_host_rsa_key_pub" text NULL, "ssh_host_rsa_key_cert_pub" text NULL, "ssh_options" text NOT NULL);
INSERT INTO services_ssh VALUES(1,'',22,0,1,'False',0,0,'JXCNl6zAosOqc5IMvvuEl+rLcx7S3m3LVGTEQJk6MGmVFVzY/fd69w==','','',NULL,NULL,NULL,NULL,NULL,NULL,NULL,NULL,NULL,NULL,NULL,NULL,NULL,NULL,'');
CREATE TABLE IF NOT EXISTS "services_nfs" ("id" integer NOT NULL PRIMARY KEY AUTOINCREMENT, "nfs_srv_servers" integer unsigned NOT NULL, "nfs_srv_udp" bool NOT NULL, "nfs_srv_allow_nonroot" bool NOT NULL, "nfs_srv_v4" bool NOT NULL, "nfs_srv_v4_v3owner" bool NOT NULL, "nfs_srv_v4_krb" bool NOT NULL, "nfs_srv_mountd_port" smallint NULL, "nfs_srv_rpcstatd_port" smallint NULL, "nfs_srv_rpclockd_port" smallint NULL, "nfs_srv_16" bool NOT NULL, "nfs_srv_mountd_log" bool NOT NULL, "nfs_srv_statd_lockd_log" bool NOT NULL, "nfs_srv_bindip" varchar(250) NOT NULL);
INSERT INTO services_nfs VALUES(1,4,0,0,0,'False',0,NULL,NULL,NULL,'False','True','False','');
CREATE TABLE IF NOT EXISTS "services_dynamicdns" ("id" integer NOT NULL PRIMARY KEY AUTOINCREMENT, "ddns_provider" varchar(120) NOT NULL, "ddns_domain" varchar(120) NOT NULL, "ddns_username" varchar(120) NOT NULL, "ddns_password" varchar(120) NOT NULL, "ddns_checkip_ssl" bool NOT NULL, "ddns_checkip_server" varchar(150) NOT NULL, "ddns_checkip_path" varchar(150) NOT NULL, "ddns_ssl" bool NOT NULL, "ddns_custom_ddns_server" varchar(150) NOT NULL, "ddns_custom_ddns_path" varchar(150) NOT NULL, "ddns_period" integer NOT NULL);
INSERT INTO services_dynamicdns VALUES(1,'dyndns','','admin','DU8t+PUH4e2koeM3Pnquy+kNAEjdpCy0E0S81cb0GN5Naunfmr9B/w==',0,'','',0,'','',300);
CREATE TABLE IF NOT EXISTS "services_ftp" ("id" integer NOT NULL PRIMARY KEY AUTOINCREMENT, "ftp_port" integer unsigned NOT NULL, "ftp_clients" integer unsigned NOT NULL, "ftp_ipconnections" integer unsigned NOT NULL, "ftp_loginattempt" integer unsigned NOT NULL, "ftp_timeout" integer unsigned NOT NULL, "ftp_rootlogin" bool NOT NULL, "ftp_onlyanonymous" bool NOT NULL, "ftp_anonpath" varchar(255) NULL, "ftp_onlylocal" bool NOT NULL, "ftp_banner" text NOT NULL, "ftp_filemask" varchar(3) NOT NULL, "ftp_dirmask" varchar(3) NOT NULL, "ftp_fxp" bool NOT NULL, "ftp_resume" bool NOT NULL, "ftp_defaultroot" bool NOT NULL, "ftp_ident" bool NOT NULL, "ftp_reversedns" bool NOT NULL, "ftp_masqaddress" varchar(120) NOT NULL, "ftp_passiveportsmin" integer unsigned NOT NULL, "ftp_passiveportsmax" integer unsigned NOT NULL, "ftp_localuserbw" integer unsigned NOT NULL, "ftp_localuserdlbw" integer unsigned NOT NULL, "ftp_anonuserbw" integer unsigned NOT NULL, "ftp_anonuserdlbw" integer unsigned NOT NULL, "ftp_tls" bool NOT NULL, "ftp_tls_policy" varchar(120) NOT NULL, "ftp_tls_opt_allow_client_renegotiations" bool NOT NULL, "ftp_tls_opt_allow_dot_login" bool NOT NULL, "ftp_tls_opt_allow_per_user" bool NOT NULL, "ftp_tls_opt_common_name_required" bool NOT NULL, "ftp_tls_opt_enable_diags" bool NOT NULL, "ftp_tls_opt_export_cert_data" bool NOT NULL, "ftp_tls_opt_no_cert_request" bool NOT NULL, "ftp_tls_opt_no_empty_fragments" bool NOT NULL, "ftp_tls_opt_no_session_reuse_required" bool NOT NULL, "ftp_tls_opt_stdenvvars" bool NOT NULL, "ftp_tls_opt_dns_name_required" bool NOT NULL, "ftp_tls_opt_ip_address_required" bool NOT NULL, "ftp_ssltls_certificate_id" integer NULL REFERENCES "system_certificate" ("id"), "ftp_options" text NOT NULL);
INSERT INTO services_ftp VALUES(1,21,5,2,1,600,0,0,NULL,0,'','077','022',0,0,1,0,0,'',0,0,0,0,0,0,0,'on','False','False','False','False','False','False','False','False','False','False','False','False',NULL,'');
CREATE TABLE IF NOT EXISTS "services_afp" ("id" integer NOT NULL PRIMARY KEY AUTOINCREMENT, "afp_srv_guest" bool NOT NULL, "afp_srv_guest_user" varchar(120) NOT NULL, "afp_srv_bindip" varchar(255) NOT NULL, "afp_srv_connections_limit" integer NOT NULL, "afp_srv_dbpath" varchar(255) NULL, "afp_srv_global_aux" text NOT NULL, "afp_srv_map_acls" varchar(120) NOT NULL, "afp_srv_chmod_request" varchar(120) NOT NULL);
INSERT INTO services_afp VALUES(1,0,'nobody','',50,'','','rights','preserve');
CREATE TABLE IF NOT EXISTS "services_iscsitargettoextent" ("id" integer NOT NULL PRIMARY KEY AUTOINCREMENT, "iscsi_extent_id" integer NOT NULL REFERENCES "services_iscsitargetextent__old" ("id"), "iscsi_target_id" integer NOT NULL REFERENCES "services_iscsitarget" ("id"), "iscsi_lunid" integer NOT NULL);
CREATE TABLE IF NOT EXISTS "services_asigra" ("id" integer NOT NULL PRIMARY KEY AUTOINCREMENT, "filesystem" varchar(255) NOT NULL);
INSERT INTO services_asigra VALUES(1,'');
CREATE TABLE IF NOT EXISTS "services_tftp" ("id" integer NOT NULL PRIMARY KEY AUTOINCREMENT, "tftp_directory" varchar(255) NOT NULL, "tftp_newfiles" bool NOT NULL, "tftp_port" integer unsigned NOT NULL, "tftp_username" varchar(120) NOT NULL, "tftp_umask" varchar(120) NOT NULL, "tftp_options" varchar(120) NOT NULL, "tftp_host" varchar(120) NOT NULL);
INSERT INTO services_tftp VALUES(1,'/tftproot',0,69,'nobody','022','','0.0.0.0');
CREATE TABLE IF NOT EXISTS "services_s3" ("id" integer NOT NULL PRIMARY KEY AUTOINCREMENT, "s3_bindip" varchar(128) NOT NULL, "s3_bindport" smallint NOT NULL, "s3_access_key" varchar(128) NOT NULL, "s3_secret_key" varchar(128) NOT NULL, "s3_mode" varchar(120) NOT NULL, "s3_disks" varchar(255) NOT NULL, "s3_certificate_id" integer NULL REFERENCES "system_certificate" ("id"), "s3_browser" bool NOT NULL);
CREATE TABLE IF NOT EXISTS "services_snmp" ("id" integer NOT NULL PRIMARY KEY AUTOINCREMENT, "snmp_location" varchar(255) NOT NULL, "snmp_contact" varchar(120) NOT NULL, "snmp_traps" bool NOT NULL, "snmp_v3" bool NOT NULL, "snmp_community" varchar(120) NOT NULL, "snmp_v3_username" varchar(20) NOT NULL, "snmp_v3_authtype" varchar(3) NOT NULL, "snmp_v3_password" varchar(50) NOT NULL, "snmp_v3_privproto" varchar(3) NULL, "snmp_v3_privpassphrase" varchar(100) NULL, "snmp_options" text NOT NULL, "snmp_loglevel" integer NOT NULL, "snmp_zilstat" bool NOT NULL);
INSERT INTO services_snmp VALUES(1,'','',0,0,'public','','SHA','UzDWcGLrqy66aop40YX9SqQi0wEJBHhKU/bFB1T5wi6HrhFXS1doZQ==',NULL,NULL,'',3,0);
CREATE TABLE IF NOT EXISTS "services_iscsitargetextent" ("id" integer NOT NULL PRIMARY KEY AUTOINCREMENT, "iscsi_target_extent_name" varchar(120) NOT NULL UNIQUE, "iscsi_target_extent_serial" varchar(16) NOT NULL, "iscsi_target_extent_type" varchar(120) NOT NULL, "iscsi_target_extent_path" varchar(120) NOT NULL, "iscsi_target_extent_filesize" varchar(120) NOT NULL, "iscsi_target_extent_blocksize" integer NOT NULL, "iscsi_target_extent_pblocksize" bool NOT NULL, "iscsi_target_extent_avail_threshold" integer NULL, "iscsi_target_extent_comment" varchar(120) NOT NULL, "iscsi_target_extent_naa" varchar(34) NOT NULL UNIQUE, "iscsi_target_extent_insecure_tpc" bool NOT NULL, "iscsi_target_extent_xen" bool NOT NULL, "iscsi_target_extent_rpm" varchar(20) NOT NULL, "iscsi_target_extent_ro" bool NOT NULL, "iscsi_target_extent_legacy" bool NOT NULL, "iscsi_target_extent_enabled" bool NOT NULL);
CREATE TABLE IF NOT EXISTS "services_ups" ("id" integer NOT NULL PRIMARY KEY AUTOINCREMENT, "ups_mode" varchar(6) NOT NULL, "ups_identifier" varchar(120) NOT NULL, "ups_remotehost" varchar(50) NOT NULL, "ups_remoteport" integer NOT NULL, "ups_driver" varchar(120) NOT NULL, "ups_port" varchar(120) NOT NULL, "ups_options" text NOT NULL, "ups_optionsupsd" text NOT NULL, "ups_description" varchar(120) NOT NULL, "ups_shutdown" varchar(120) NOT NULL, "ups_shutdowntimer" integer NOT NULL, "ups_monuser" varchar(50) NOT NULL, "ups_monpwd" varchar(30) NOT NULL, "ups_extrausers" text NOT NULL, "ups_rmonitor" bool NOT NULL, "ups_emailnotify" bool NOT NULL, "ups_toemail" varchar(120) NOT NULL, "ups_subject" varchar(120) NOT NULL, "ups_powerdown" bool NOT NULL, "ups_nocommwarntime" integer NULL, "ups_hostsync" integer NOT NULL, "ups_shutdowncmd" varchar(255) NULL);
INSERT INTO services_ups VALUES(1,'master','ups','',3493,'','','','','','batt',30,'upsmon','2aEg5bm5/dRiyzFoHwECzcHz71XdPRm73AyQ9FEU+v0KuyqTjQWQqw==','',0,0,'','UPS report generated by %h',0,NULL,15,NULL);
CREATE TABLE IF NOT EXISTS "services_cifs" ("id" integer NOT NULL PRIMARY KEY AUTOINCREMENT, "cifs_srv_netbiosname" varchar(120) NOT NULL, "cifs_srv_netbiosname_b" varchar(120) NULL, "cifs_srv_netbiosalias" varchar(120) NULL, "cifs_srv_workgroup" varchar(120) NOT NULL, "cifs_srv_description" varchar(120) NOT NULL, "cifs_srv_unixcharset" varchar(120) NOT NULL, "cifs_srv_loglevel" varchar(120) NOT NULL, "cifs_srv_syslog" bool NOT NULL, "cifs_srv_localmaster" bool NOT NULL, "cifs_srv_guest" varchar(120) NOT NULL, "cifs_srv_filemask" varchar(120) NOT NULL, "cifs_srv_dirmask" varchar(120) NOT NULL, "cifs_srv_smb_options" text NOT NULL, "cifs_srv_aio_enable" bool NOT NULL, "cifs_srv_aio_rs" integer NOT NULL, "cifs_srv_aio_ws" integer NOT NULL, "cifs_srv_zeroconf" bool NOT NULL, "cifs_srv_bindip" varchar(250) NULL, "cifs_SID" varchar(120) NULL, "cifs_srv_ntlmv1_auth" bool NOT NULL, "cifs_srv_enable_smb1" bool NOT NULL, "cifs_srv_admin_group" varchar(120) NULL);
INSERT INTO services_cifs VALUES(1,'truenas','truenas-b',NULL,'WORKGROUP','TrueNAS Server','UTF-8','1',0,1,'nobody','','','',0,4096,4096,1,NULL,NULL,0,0,NULL);
CREATE TABLE IF NOT EXISTS "services_smart" ("id" integer NOT NULL PRIMARY KEY AUTOINCREMENT, "smart_interval" integer NOT NULL, "smart_powermode" varchar(60) NOT NULL, "smart_difference" integer NOT NULL, "smart_informational" integer NOT NULL, "smart_critical" integer NOT NULL);
INSERT INTO services_smart VALUES(1,30,'never',0,0,0);
CREATE TABLE IF NOT EXISTS "sharing_nfs_share" ("id" integer NOT NULL PRIMARY KEY AUTOINCREMENT, "nfs_comment" varchar(120) NOT NULL, "nfs_network" text NOT NULL, "nfs_hosts" text NOT NULL, "nfs_alldirs" bool NOT NULL, "nfs_ro" bool NOT NULL, "nfs_quiet" bool NOT NULL, "nfs_maproot_user" varchar(120) NULL, "nfs_maproot_group" varchar(120) NULL, "nfs_mapall_user" varchar(120) NULL, "nfs_mapall_group" varchar(120) NULL, "nfs_security" varchar(200) NOT NULL, "nfs_enabled" bool NOT NULL);
CREATE TABLE IF NOT EXISTS "sharing_cifs_share" ("id" integer NOT NULL PRIMARY KEY AUTOINCREMENT, "cifs_path" varchar(255) NULL, "cifs_home" bool NOT NULL, "cifs_name" varchar(120) NOT NULL, "cifs_comment" varchar(120) NOT NULL, "cifs_ro" bool NOT NULL, "cifs_browsable" bool NOT NULL, "cifs_recyclebin" bool NOT NULL, "cifs_showhiddenfiles" bool NOT NULL, "cifs_guestok" bool NOT NULL, "cifs_guestonly" bool NOT NULL, "cifs_hostsallow" text NOT NULL, "cifs_hostsdeny" text NOT NULL, "cifs_vfsobjects" varchar(255) NOT NULL, "cifs_auxsmbconf" text NOT NULL, "cifs_storage_task_id" integer NULL REFERENCES "storage_task__old" ("id"), "cifs_abe" bool NOT NULL, "cifs_timemachine" bool NOT NULL, "cifs_vuid" varchar(36) NOT NULL, "cifs_shadowcopy" bool NOT NULL, "cifs_enabled" bool NOT NULL, "cifs_share_acl" text NOT NULL);
CREATE TABLE IF NOT EXISTS "sharing_afp_share" ("id" integer NOT NULL PRIMARY KEY AUTOINCREMENT, "afp_path" varchar(255) NOT NULL, "afp_name" varchar(120) NOT NULL, "afp_comment" varchar(120) NOT NULL, "afp_allow" varchar(120) NOT NULL, "afp_deny" varchar(120) NOT NULL, "afp_ro" varchar(120) NOT NULL, "afp_rw" varchar(120) NOT NULL, "afp_timemachine" bool NOT NULL, "afp_nodev" bool NOT NULL, "afp_nostat" bool NOT NULL, "afp_upriv" bool NOT NULL, "afp_fperm" varchar(3) NOT NULL, "afp_dperm" varchar(3) NOT NULL, "afp_umask" varchar(3) NOT NULL, "afp_hostsallow" varchar(120) NOT NULL, "afp_hostsdeny" varchar(120) NOT NULL, "afp_auxparams" text NOT NULL, "afp_timemachine_quota" integer NOT NULL, "afp_home" bool NOT NULL, "afp_enabled" bool NOT NULL, "afp_vuid" varchar(36) NOT NULL);
CREATE TABLE IF NOT EXISTS "storage_volume" ("id" integer NOT NULL PRIMARY KEY AUTOINCREMENT, "vol_name" varchar(120) NOT NULL UNIQUE, "vol_guid" varchar(50) NOT NULL, "vol_encrypt" integer NOT NULL, "vol_encryptkey" varchar(50) NOT NULL);
CREATE TABLE IF NOT EXISTS "storage_resilver" ("id" integer NOT NULL PRIMARY KEY AUTOINCREMENT, "enabled" bool NOT NULL, "begin" time NOT NULL, "end" time NOT NULL, "weekday" varchar(120) NOT NULL);
INSERT INTO storage_resilver VALUES(1,0,'18:00:00','09:00:00','1,2,3,4,5,6,7');
CREATE TABLE IF NOT EXISTS "storage_replication_repl_periodic_snapshot_tasks" ("id" integer NOT NULL PRIMARY KEY AUTOINCREMENT, "replication_id" integer NOT NULL REFERENCES "storage_replication__old" ("id"), "task_id" integer NOT NULL REFERENCES "storage_task__old" ("id"));
CREATE TABLE IF NOT EXISTS "storage_task" ("id" integer NOT NULL PRIMARY KEY AUTOINCREMENT, "task_dataset" varchar(150) NOT NULL, "task_recursive" bool NOT NULL, "task_lifetime_value" integer unsigned NOT NULL, "task_lifetime_unit" varchar(120) NOT NULL, "task_begin" time NOT NULL, "task_end" time NOT NULL, "task_enabled" bool NOT NULL, "task_exclude" text NOT NULL, "task_naming_schema" varchar(150) NOT NULL, "task_minute" varchar(100) NOT NULL, "task_hour" varchar(100) NOT NULL, "task_daymonth" varchar(100) NOT NULL, "task_month" varchar(100) NOT NULL, "task_dayweek" varchar(100) NOT NULL, "task_allow_empty" bool NOT NULL);
CREATE TABLE IF NOT EXISTS "storage_replication" ("id" integer NOT NULL PRIMARY KEY AUTOINCREMENT, "repl_target_dataset" varchar(120) NOT NULL, "repl_recursive" bool NOT NULL, "repl_compression" varchar(120) NULL, "repl_speed_limit" integer NULL, "repl_schedule_begin" time NULL, "repl_schedule_end" time NULL, "repl_enabled" bool NOT NULL, "repl_direction" varchar(120) NOT NULL, "repl_transport" varchar(120) NOT NULL, "repl_ssh_credentials_id" integer NULL REFERENCES "system_keychaincredential" ("id"), "repl_netcat_active_side" varchar(120) NULL, "repl_netcat_active_side_port_min" integer unsigned NULL, "repl_netcat_active_side_port_max" integer unsigned NULL, "repl_source_datasets" text NOT NULL, "repl_exclude" text NOT NULL, "repl_naming_schema" text NOT NULL, "repl_auto" bool NOT NULL, "repl_schedule_minute" varchar(100) NULL, "repl_schedule_hour" varchar(100) NULL, "repl_schedule_daymonth" varchar(100) NULL, "repl_schedule_month" varchar(100) NULL, "repl_schedule_dayweek" varchar(100) NULL, "repl_only_matching_schedule" bool NOT NULL, "repl_allow_from_scratch" bool NOT NULL, "repl_hold_pending_snapshots" bool NOT NULL, "repl_retention_policy" varchar(120) NOT NULL, "repl_lifetime_unit" varchar(120) NULL, "repl_lifetime_value" integer unsigned NULL, "repl_large_block" bool NOT NULL, "repl_embed" bool NOT NULL, "repl_compressed" bool NOT NULL, "repl_retries" integer unsigned NOT NULL, "repl_restrict_schedule_minute" varchar(100) NULL, "repl_restrict_schedule_hour" varchar(100) NULL, "repl_restrict_schedule_daymonth" varchar(100) NULL, "repl_restrict_schedule_month" varchar(100) NULL, "repl_restrict_schedule_dayweek" varchar(100) NULL, "repl_restrict_schedule_begin" time NULL, "repl_restrict_schedule_end" time NULL, "repl_netcat_active_side_listen_address" varchar(120) NULL, "repl_netcat_passive_side_connect_address" varchar(120) NULL, "repl_logging_level" varchar(120) NULL, "repl_name" varchar(120) NOT NULL, "repl_state" text NOT NULL, "repl_properties" bool NOT NULL, "repl_readonly" varchar(120) NOT NULL);
CREATE TABLE IF NOT EXISTS "system_migration" ("id" integer NOT NULL PRIMARY KEY AUTOINCREMENT, "name" varchar(255) NOT NULL UNIQUE);
CREATE TABLE IF NOT EXISTS "system_settings" ("id" integer NOT NULL PRIMARY KEY AUTOINCREMENT, "stg_guiaddress" text NOT NULL, "stg_guiv6address" text NOT NULL, "stg_guiport" integer NOT NULL, "stg_guihttpsport" integer NOT NULL, "stg_guihttpsredirect" bool NOT NULL, "stg_language" varchar(120) NOT NULL, "stg_kbdmap" varchar(120) NOT NULL, "stg_timezone" varchar(120) NOT NULL, "stg_sysloglevel" varchar(120) NOT NULL, "stg_syslogserver" varchar(120) NOT NULL, "stg_wizardshown" bool NOT NULL, "stg_pwenc_check" varchar(100) NOT NULL, "stg_guicertificate_id" integer NULL REFERENCES "system_certificate" ("id"), "stg_crash_reporting" bool NULL, "stg_usage_collection" bool NULL);
INSERT INTO system_settings VALUES(1,'["0.0.0.0"]','["::"]',80,443,0,'en','','America/Los_Angeles','f_info','',0,'xjv9l7WGR1tQUcd0T89hzBLvwT6Jl7ULjrS6/iwwexUCci5d9GN43w==',NULL,NULL,NULL);
CREATE TABLE IF NOT EXISTS "system_email" ("id" integer NOT NULL PRIMARY KEY AUTOINCREMENT, "em_fromemail" varchar(120) NOT NULL, "em_outgoingserver" varchar(120) NOT NULL, "em_port" integer NOT NULL, "em_security" varchar(120) NOT NULL, "em_smtp" bool NOT NULL, "em_user" varchar(120) NULL, "em_pass" varchar(120) NULL, "em_fromname" varchar(120) NOT NULL);
INSERT INTO system_email VALUES(1,'','',25,'plain',0,NULL,NULL,'');
CREATE TABLE IF NOT EXISTS "system_advanced" ("id" integer NOT NULL PRIMARY KEY AUTOINCREMENT, "adv_consolemenu" bool NOT NULL, "adv_serialconsole" bool NOT NULL, "adv_serialport" varchar(120) NOT NULL, "adv_serialspeed" varchar(120) NOT NULL, "adv_powerdaemon" bool NOT NULL, "adv_swapondrive" integer NOT NULL, "adv_consolemsg" bool NOT NULL, "adv_traceback" bool NOT NULL, "adv_advancedmode" bool NOT NULL, "adv_autotune" bool NOT NULL, "adv_debugkernel" bool NOT NULL, "adv_uploadcrash" bool NOT NULL, "adv_anonstats" bool NOT NULL, "adv_anonstats_token" text NOT NULL, "adv_motd" text NOT NULL, "adv_boot_scrub" integer NOT NULL, "adv_fqdn_syslog" bool NOT NULL, "adv_sed_user" varchar(120) NOT NULL, "adv_sed_passwd" varchar(120) NOT NULL, "adv_legacy_ui" bool NOT NULL);
INSERT INTO system_advanced VALUES(1,1,0,'0x2f8','9600',0,2,0,1,0,0,0,1,1,'','Welcome to TrueNAS',7,0,'user','',0);
CREATE TABLE IF NOT EXISTS "system_alert" ("id" integer NOT NULL PRIMARY KEY AUTOINCREMENT, "node" varchar(100) NOT NULL, "source" text NOT NULL, "key" text NOT NULL, "datetime" datetime NOT NULL, "text" text NOT NULL, "args" text NOT NULL, "dismissed" bool NOT NULL, "uuid" text NOT NULL, "klass" text NOT NULL);
CREATE TABLE IF NOT EXISTS "tasks_smarttest" ("id" integer NOT NULL PRIMARY KEY AUTOINCREMENT, "smarttest_type" varchar(2) NOT NULL, "smarttest_desc" varchar(120) NOT NULL, "smarttest_hour" varchar(100) NOT NULL, "smarttest_daymonth" varchar(100) NOT NULL, "smarttest_month" varchar(100) NOT NULL, "smarttest_dayweek" varchar(100) NOT NULL, "smarttest_all_disks" bool NOT NULL);
CREATE TABLE IF NOT EXISTS "tasks_cloudsync" ("id" integer NOT NULL PRIMARY KEY AUTOINCREMENT, "description" varchar(150) NOT NULL, "direction" varchar(10) NOT NULL, "path" varchar(255) NOT NULL, "attributes" text NOT NULL, "minute" varchar(100) NOT NULL, "hour" varchar(100) NOT NULL, "daymonth" varchar(100) NOT NULL, "month" varchar(100) NOT NULL, "dayweek" varchar(100) NOT NULL, "enabled" bool NOT NULL, "credential_id" integer NOT NULL REFERENCES "system_cloudcredentials" ("id"), "transfer_mode" varchar(20) NOT NULL, "encryption" bool NOT NULL, "filename_encryption" bool NOT NULL, "encryption_password" varchar(256) NOT NULL, "encryption_salt" varchar(256) NOT NULL, "args" text NOT NULL, "post_script" text NOT NULL, "pre_script" text NOT NULL, "snapshot" bool NOT NULL, "bwlimit" text NOT NULL, "exclude" text NOT NULL, "transfers" integer NULL, "follow_symlinks" bool NOT NULL);
CREATE TABLE IF NOT EXISTS "tasks_initshutdown" ("id" integer NOT NULL PRIMARY KEY AUTOINCREMENT, "ini_type" varchar(15) NOT NULL, "ini_command" varchar(300) NOT NULL, "ini_script" varchar(255) NULL, "ini_when" varchar(15) NOT NULL, "ini_enabled" bool NOT NULL, "ini_timeout" integer NOT NULL);
CREATE TABLE IF NOT EXISTS "truenas_enclosurelabel" ("id" integer NOT NULL PRIMARY KEY AUTOINCREMENT, "encid" varchar(200) NOT NULL UNIQUE, "label" varchar(200) NOT NULL);
CREATE TABLE IF NOT EXISTS "storage_disk" ("disk_identifier" varchar(42) NOT NULL PRIMARY KEY, "disk_name" varchar(120) NOT NULL, "disk_subsystem" varchar(10) NOT NULL, "disk_number" integer NOT NULL, "disk_serial" varchar(30) NOT NULL, "disk_size" varchar(20) NOT NULL, "disk_multipath_name" varchar(30) NOT NULL, "disk_multipath_member" varchar(30) NOT NULL, "disk_description" varchar(120) NOT NULL, "disk_transfermode" varchar(120) NOT NULL, "disk_hddstandby" varchar(120) NOT NULL, "disk_advpowermgmt" varchar(120) NOT NULL, "disk_acousticlevel" varchar(120) NOT NULL, "disk_togglesmart" bool NOT NULL, "disk_smartoptions" varchar(120) NOT NULL, "disk_expiretime" datetime NULL, "disk_passwd" varchar(120) NOT NULL, "disk_critical" integer NULL, "disk_difference" integer NULL, "disk_informational" integer NULL, "disk_model" varchar(200) NULL, "disk_rotationrate" integer NULL, "disk_type" varchar(20) NOT NULL, "disk_enclosure_slot" integer NULL);
CREATE TABLE IF NOT EXISTS "truenas_customerinformation" ("id" integer NOT NULL PRIMARY KEY AUTOINCREMENT, "data" text NOT NULL, "updated_at" datetime NOT NULL, "sent_at" datetime NULL, "form_dismissed" bool NOT NULL);
INSERT INTO truenas_customerinformation VALUES(1,'null','0001-01-01 00:00:00',NULL,0);
CREATE TABLE IF NOT EXISTS "vm_device" ("id" integer NOT NULL PRIMARY KEY AUTOINCREMENT, "dtype" varchar(50) NOT NULL, "attributes" text NOT NULL, "vm_id" integer NOT NULL REFERENCES "vm_vm__old" ("id"), "order" integer NULL);
CREATE TABLE IF NOT EXISTS "vm_vm" ("id" integer NOT NULL PRIMARY KEY AUTOINCREMENT, "name" varchar(150) NOT NULL, "description" varchar(250) NOT NULL, "vcpus" integer NOT NULL, "memory" integer NOT NULL, "autostart" bool NOT NULL, "time" varchar(5) NOT NULL, "grubconfig" text NULL, "bootloader" varchar(50) NOT NULL);
DELETE FROM sqlite_sequence;
INSERT INTO sqlite_sequence VALUES('account_bsdusers',32);
INSERT INTO sqlite_sequence VALUES('directoryservice_idmap_domain',5);
INSERT INTO sqlite_sequence VALUES('directoryservice_idmap_domaintobackend',3);
INSERT INTO sqlite_sequence VALUES('directoryservice_idmap_ad',1);
INSERT INTO sqlite_sequence VALUES('directoryservice_idmap_autorid',0);
INSERT INTO sqlite_sequence VALUES('directoryservice_idmap_ldap',1);
INSERT INTO sqlite_sequence VALUES('directoryservice_idmap_nss',0);
INSERT INTO sqlite_sequence VALUES('directoryservice_idmap_rfc2307',0);
INSERT INTO sqlite_sequence VALUES('directoryservice_idmap_rid',1);
INSERT INTO sqlite_sequence VALUES('directoryservice_idmap_script',0);
INSERT INTO sqlite_sequence VALUES('directoryservice_idmap_tdb',1);
INSERT INTO sqlite_sequence VALUES('directoryservice_activedirectory',1);
INSERT INTO sqlite_sequence VALUES('directoryservice_ldap',1);
INSERT INTO sqlite_sequence VALUES('network_vlan',0);
INSERT INTO sqlite_sequence VALUES('network_globalconfiguration',1);
INSERT INTO sqlite_sequence VALUES('network_lagginterfacemembers',0);
INSERT INTO sqlite_sequence VALUES('network_interfaces',0);
INSERT INTO sqlite_sequence VALUES('system_tunable',2);
INSERT INTO sqlite_sequence VALUES('system_certificate',0);
INSERT INTO sqlite_sequence VALUES('system_certificateauthority',0);
INSERT INTO sqlite_sequence VALUES('system_reporting',1);
INSERT INTO sqlite_sequence VALUES('system_systemdataset',1);
INSERT INTO sqlite_sequence VALUES('system_alertclasses',1);
INSERT INTO sqlite_sequence VALUES('system_alertservice',2);
INSERT INTO sqlite_sequence VALUES('services_ssh',1);
INSERT INTO sqlite_sequence VALUES('services_nfs',1);
INSERT INTO sqlite_sequence VALUES('services_dynamicdns',1);
INSERT INTO sqlite_sequence VALUES('services_ftp',1);
INSERT INTO sqlite_sequence VALUES('services_afp',1);
INSERT INTO sqlite_sequence VALUES('services_iscsitargettoextent',0);
INSERT INTO sqlite_sequence VALUES('services_asigra',1);
INSERT INTO sqlite_sequence VALUES('services_tftp',1);
INSERT INTO sqlite_sequence VALUES('services_s3',0);
INSERT INTO sqlite_sequence VALUES('services_snmp',1);
INSERT INTO sqlite_sequence VALUES('services_iscsitargetextent',0);
INSERT INTO sqlite_sequence VALUES('services_ups',1);
INSERT INTO sqlite_sequence VALUES('services_cifs',1);
INSERT INTO sqlite_sequence VALUES('services_smart',1);
INSERT INTO sqlite_sequence VALUES('system_keyvalue',1);
INSERT INTO sqlite_sequence VALUES('sharing_nfs_share',0);
INSERT INTO sqlite_sequence VALUES('sharing_cifs_share',0);
INSERT INTO sqlite_sequence VALUES('sharing_afp_share',0);
INSERT INTO sqlite_sequence VALUES('storage_volume',0);
INSERT INTO sqlite_sequence VALUES('storage_resilver',1);
INSERT INTO sqlite_sequence VALUES('storage_task',0);
INSERT INTO sqlite_sequence VALUES('storage_replication',0);
INSERT INTO sqlite_sequence VALUES('system_settings',1);
INSERT INTO sqlite_sequence VALUES('system_email',1);
INSERT INTO sqlite_sequence VALUES('system_advanced',1);
INSERT INTO sqlite_sequence VALUES('system_alert',0);
INSERT INTO sqlite_sequence VALUES('tasks_smarttest',0);
INSERT INTO sqlite_sequence VALUES('tasks_cloudsync',0);
INSERT INTO sqlite_sequence VALUES('tasks_initshutdown',0);
INSERT INTO sqlite_sequence VALUES('truenas_customerinformation',1);
INSERT INTO sqlite_sequence VALUES('vm_device',0);
INSERT INTO sqlite_sequence VALUES('vm_vm',0);
CREATE UNIQUE INDEX "services_iscsitargetportalip_iscsi_target_portalip_ip__iscsi_target_portalip_port" ON "services_iscsitargetportalip"("iscsi_target_portalip_ip", "iscsi_target_portalip_port");
CREATE INDEX "services_iscsitargetportalip_fe35c684" ON "services_iscsitargetportalip" ("iscsi_target_portalip_portal_id");
CREATE UNIQUE INDEX "directoryservice_kerberosrealm_krb_realm" ON "directoryservice_kerberosrealm"("krb_realm");
CREATE INDEX "services_iscsitargetgroups_39e2d7df" ON "services_iscsitargetgroups"("iscsi_target_initiatorgroup_id");
CREATE INDEX "services_iscsitargetgroups_dcc120ea" ON "services_iscsitargetgroups"("iscsi_target_portalgroup_id");
CREATE INDEX "services_iscsitargetgroups_c939c4d7" ON "services_iscsitargetgroups"("iscsi_target_id");
CREATE UNIQUE INDEX "services_iscsitargetgroups_iscsi_target_id__iscsi_target_portalgroup_id" ON "services_iscsitargetgroups"("iscsi_target_id", "iscsi_target_portalgroup_id");
CREATE INDEX "services_fiberchanneltotarget_1d6856ca" ON "services_fibrechanneltotarget"("fc_target_id");
CREATE INDEX "network_alias_5f318ef4" ON "network_alias"("alias_interface_id");
CREATE UNIQUE INDEX "tasks_smarttest_smarttest_disks_smarttest_id__disk_id" ON "tasks_smarttest_smarttest_disks"("smarttest_id", "disk_id");
CREATE INDEX "account_bsdusers_30f2801f" ON "account_bsdusers" ("bsdusr_group_id");
CREATE INDEX "directoryservice_idmap_ldap_592ad9d0" ON "directoryservice_idmap_ldap" ("idmap_ldap_certificate_id");
CREATE INDEX "directoryservice_idmap_rfc2307_869bf111" ON "directoryservice_idmap_rfc2307" ("idmap_rfc2307_certificate_id");
CREATE INDEX "directoryservice_activedirectory_a4250fac" ON "directoryservice_activedirectory" ("ad_certificate_id");
CREATE INDEX "directoryservice_activedirectory_b03e01d8" ON "directoryservice_activedirectory" ("ad_kerberos_realm_id");
CREATE INDEX "directoryservice_ldap_c6ef382f" ON "directoryservice_ldap" ("ldap_certificate_id");
CREATE INDEX "directoryservice_ldap_9a19be3d" ON "directoryservice_ldap" ("ldap_kerberos_realm_id");
CREATE INDEX "network_lagginterfacemembers_14f52ba0" ON "network_lagginterfacemembers" ("lagg_interfacegroup_id");
CREATE INDEX "system_acmeregistrationbody_1ece6752" ON "system_acmeregistrationbody" ("acme_id");
CREATE INDEX "system_certificate_c172260b" ON "system_certificate" ("cert_signedby_id");
CREATE INDEX "system_certificate_8dc6a655" ON "system_certificate" ("cert_acme_id");
CREATE INDEX "system_certificateauthority_c172260b" ON "system_certificateauthority" ("cert_signedby_id");
CREATE INDEX "services_ftp_f897b229" ON "services_ftp" ("ftp_ssltls_certificate_id");
CREATE UNIQUE INDEX "services_iscsitargettoextent_iscsi_target_id_757cc851_uniq" ON "services_iscsitargettoextent" ("iscsi_target_id", "iscsi_extent_id");
CREATE INDEX "services_iscsitargettoextent_8c3551d7" ON "services_iscsitargettoextent" ("iscsi_extent_id");
CREATE INDEX "services_iscsitargettoextent_74972900" ON "services_iscsitargettoextent" ("iscsi_target_id");
CREATE INDEX "services_s3_3f8aa88e" ON "services_s3" ("s3_certificate_id");
CREATE INDEX "sharing_cifs_share_d7a6a3ae" ON "sharing_cifs_share" ("cifs_storage_task_id");
CREATE INDEX "storage_replication_d46a5b35" ON "storage_replication" ("repl_ssh_credentials_id");
CREATE INDEX "system_settings_cf5c60c6" ON "system_settings" ("stg_guicertificate_id");
CREATE INDEX "tasks_cloudsync_3472cfe9" ON "tasks_cloudsync" ("credential_id");
CREATE INDEX "vm_device_0e0cecb8" ON "vm_device" ("vm_id");
COMMIT;
